# Glasair VG tunnel force log | mode=wing stl=L:/Dev/glasair_vg_sim/gpu/fluidx3d/assets/wing_vg_h10mm.stl aoa_deg=14.0 Re=2.20000004E6 mm_per_cell=6.372
# t,Fx,Fy,Fz,Cd,Cl
1000,0.056622,61.283866,105.101699,0.367749,0.630689
2000,0.040816,39.544582,132.145812,0.237297,0.792974
3000,-0.304709,38.552829,136.663879,0.231346,0.820086
4000,-0.048931,36.139011,136.908416,0.216861,0.821553
5000,0.630669,35.355033,136.660797,0.212157,0.820067
6000,0.231529,36.265956,141.333786,0.217623,0.848109
7000,0.471703,42.343284,138.194564,0.254091,0.829271
8000,-0.297939,44.080181,129.921783,0.264514,0.779628
9000,0.455571,37.566947,123.356346,0.225430,0.740231
